channel,campaign_type,campaign_name,period_days,revenue_p10,revenue_p50,revenue_p90,roas_p10,roas_p50,roas_p90,disagreement_pct,uncertainty_level,prophet_p50,xgb_p50,ridge_p50
google,brand,Search_TM_Campaign_01,30,0.0,17631.56,47600.1,0.0,3.55,9.58,11.5,MODERATE,21476.82,16339.75,18068.86
google,brand,Search_TM_Campaign_01,60,0.0,35144.15,94616.49,0.0,3.54,9.52,10.2,MODERATE,41763.99,32679.51,36137.73
google,brand,Search_TM_Campaign_01,90,0.0,52860.77,141734.28,0.0,3.55,9.51,11.2,MODERATE,64091.39,49019.26,54206.59
google,brand,Search_TM_Campaign_02,30,7305.24,15854.59,28475.24,2.11,4.57,8.21,44.2,HIGH,25855.3,7097.4,22389.41
google,brand,Search_TM_Campaign_02,60,14874.64,31663.23,56618.61,2.14,4.57,8.16,44.0,HIGH,51251.07,14194.79,44778.81
google,brand,Search_TM_Campaign_02,90,22455.42,47409.58,84713.21,2.16,4.56,8.14,43.8,HIGH,76023.94,21292.19,67168.22
google,brand,Search_TM_Campaign_03,30,1275.56,7759.38,17255.23,0.42,2.56,5.7,61.9,HIGH,20251.46,8697.83,4044.91
google,brand,Search_TM_Campaign_03,60,2827.5,15532.02,34268.84,0.47,2.56,5.66,62.1,HIGH,40635.54,17395.66,8089.83
google,brand,Search_TM_Campaign_03,90,4407.13,23286.29,51275.95,0.48,2.56,5.64,62.0,HIGH,60835.88,26093.49,12134.74
google,brand,Search_TM_Campaign_04,30,0.0,24834.0,52110.21,0.0,10.6,22.24,39.2,HIGH,44317.47,15635.88,29702.45
google,brand,Search_TM_Campaign_04,60,0.0,49452.03,103088.27,0.0,10.55,22.0,38.2,HIGH,86475.31,31271.77,59404.91
google,brand,Search_TM_Campaign_04,90,0.0,73979.85,153833.07,0.0,10.53,21.89,37.5,HIGH,127730.96,46907.65,89107.36
google,brand,Search_TM_Campaign_05,30,13.12,18.75,24.38,1.58,2.25,2.93,25.0,HIGH,,,
google,brand,Search_TM_Campaign_05,60,26.25,37.5,48.75,1.58,2.25,2.93,25.0,HIGH,,,
google,brand,Search_TM_Campaign_05,90,39.38,56.25,73.12,1.58,2.25,2.93,25.0,HIGH,,,
google,display,Demand Gen_NTM_Campaign_01,30,78.9,157.33,2000.18,0.18,0.36,4.59,136.8,HIGH,1428.5,32.18,0.0
google,display,Demand Gen_NTM_Campaign_01,60,197.32,317.33,3975.62,0.23,0.36,4.56,136.8,HIGH,2883.59,64.37,0.0
google,display,Demand Gen_NTM_Campaign_01,90,315.91,478.97,5951.19,0.24,0.37,4.55,136.8,HIGH,4355.2,96.55,0.0
google,display,Demand Gen_NTM_Campaign_02,30,0.0,276.62,2124.09,0.0,0.78,5.95,94.3,HIGH,1150.27,25.19,333.91
google,display,Demand Gen_NTM_Campaign_02,60,0.0,553.05,4226.63,0.0,0.77,5.92,94.3,HIGH,2298.61,50.39,667.82
google,display,Demand Gen_NTM_Campaign_02,90,18.65,830.84,6325.18,0.02,0.78,5.91,94.4,HIGH,3460.49,75.58,1001.72
google,display,Display_Campaign_01,30,0.0,0.0,0.0,0.0,0.0,0.0,141.4,HIGH,0.0,0.0,0.0
google,display,Display_Campaign_01,60,0.0,0.0,0.0,0.0,0.0,0.0,141.4,HIGH,0.0,0.0,0.0
google,display,Display_Campaign_01,90,0.0,0.0,0.0,0.0,0.0,0.0,141.4,HIGH,0.0,0.0,0.0
google,display,Display_Campaign_02,30,0.0,0.0,0.0,0.0,0.0,0.0,25.0,HIGH,,,
google,display,Display_Campaign_02,60,0.0,0.0,0.0,0.0,0.0,0.0,25.0,HIGH,,,
google,display,Display_Campaign_02,90,0.0,0.0,0.0,0.0,0.0,0.0,25.0,HIGH,,,
google,display,Video_Campaign_01,30,106.53,200.35,1578.9,3.24,6.09,48.01,140.9,HIGH,1982.2,4.74,0.0
google,display,Video_Campaign_01,60,281.62,415.13,3118.39,4.28,6.31,47.41,140.9,HIGH,4108.65,9.49,0.0
google,display,Video_Campaign_01,90,476.04,653.91,4681.74,4.82,6.63,47.45,141.0,HIGH,6475.08,14.23,0.0
google,display,Video_Campaign_02,30,0.0,0.0,0.0,0.0,0.0,0.0,0.0,LOW,,0.0,0.0
google,display,Video_Campaign_02,60,0.0,0.0,0.0,0.0,0.0,0.0,0.0,LOW,,0.0,0.0
google,display,Video_Campaign_02,90,0.0,0.0,0.0,0.0,0.0,0.0,0.0,LOW,,0.0,0.0
google,display,Video_Campaign_03,30,0.0,0.0,0.0,0.0,0.0,0.0,141.4,HIGH,0.0,0.0,0.0
google,display,Video_Campaign_03,60,0.0,0.0,0.0,0.0,0.0,0.0,141.4,HIGH,0.0,0.0,0.0
google,display,Video_Campaign_03,90,0.0,0.0,0.0,0.0,0.0,0.0,141.4,HIGH,0.0,0.0,0.0
google,display,Video_NTM_Campaign_01,30,4.39,8.91,21.08,0.0,0.01,0.02,130.5,HIGH,71.47,0.0,3.92
google,display,Video_NTM_Campaign_01,60,11.01,18.23,41.09,0.0,0.01,0.02,130.8,HIGH,147.03,0.0,7.84
google,display,Video_NTM_Campaign_01,90,17.85,27.67,61.19,0.0,0.01,0.02,131.0,HIGH,223.7,0.0,11.77
google,search,Search_Campaign_01,30,0.0,0.0,0.0,0.0,0.0,0.0,25.0,HIGH,,,
google,search,Search_Campaign_01,60,0.0,0.0,0.0,0.0,0.0,0.0,25.0,HIGH,,,
google,search,Search_Campaign_01,90,0.0,0.0,0.0,0.0,0.0,0.0,25.0,HIGH,,,
google,search,Search_NTM_Campaign_01,30,71.0,429.23,2205.93,0.03,0.19,0.96,31.7,HIGH,,319.93,616.6
google,search,Search_NTM_Campaign_01,60,142.01,858.45,4411.86,0.03,0.19,0.96,31.7,HIGH,,639.85,1233.19
google,search,Search_NTM_Campaign_01,90,213.01,1287.68,6617.79,0.03,0.19,0.96,31.7,HIGH,,959.78,1849.79
google,search,Search_NTM_Campaign_02,30,6922.04,7155.89,12155.47,1.29,1.33,2.26,26.7,HIGH,7362.7,5310.42,10290.02
google,search,Search_NTM_Campaign_02,60,13865.3,14311.65,24291.17,1.29,1.33,2.26,26.7,HIGH,14722.72,10620.83,20580.04
google,search,Search_NTM_Campaign_02,90,20814.94,21466.1,36427.77,1.29,1.33,2.26,26.7,HIGH,22056.56,15931.25,30870.07
google,search,Search_NTM_Campaign_03,30,0.0,1959.95,12247.7,0.0,2.8,17.52,91.0,HIGH,9744.53,1634.76,1405.34
google,search,Search_NTM_Campaign_03,60,0.0,3940.93,24436.15,0.0,2.82,17.48,91.8,HIGH,19909.53,3269.52,2810.68
google,search,Search_NTM_Campaign_03,90,0.0,5927.58,36620.49,0.0,2.83,17.46,92.2,HIGH,30188.07,4904.28,4216.02
google,search,Search_NTM_Campaign_04,30,18.15,36.68,267.16,3.23,6.53,47.59,141.4,HIGH,733.45,0.01,0.0
google,search,Search_NTM_Campaign_04,60,44.06,68.49,518.47,3.92,6.1,46.17,141.4,HIGH,1369.39,0.03,0.0
google,search,Search_NTM_Campaign_04,90,67.69,97.93,765.71,4.02,5.81,45.46,141.4,HIGH,1958.06,0.04,0.0
google,search,Search_NTM_Campaign_05,30,19.12,35.07,162.4,1.52,2.78,12.89,141.4,HIGH,701.24,0.02,0.0
google,search,Search_NTM_Campaign_05,60,48.22,69.62,317.08,1.91,2.76,12.59,141.4,HIGH,1391.97,0.04,0.0
google,search,Search_NTM_Campaign_05,90,77.66,104.32,470.22,2.06,2.76,12.44,141.4,HIGH,2085.73,0.06,0.0
google,search,Search_NTM_Campaign_06,30,0.0,0.0,0.0,0.0,0.0,0.0,141.4,HIGH,0.0,0.0,0.0
google,search,Search_NTM_Campaign_06,60,0.0,0.0,0.0,0.0,0.0,0.0,141.4,HIGH,0.0,0.0,0.0
google,search,Search_NTM_Campaign_06,90,0.0,0.0,0.0,0.0,0.0,0.0,141.4,HIGH,0.0,0.0,0.0
google,search,Search_NTM_Campaign_07,30,0.0,0.0,0.0,0.0,0.0,0.0,0.0,LOW,,0.0,0.0
google,search,Search_NTM_Campaign_07,60,0.0,0.0,0.0,0.0,0.0,0.0,0.0,LOW,,0.0,0.0
google,search,Search_NTM_Campaign_07,90,0.0,0.0,0.0,0.0,0.0,0.0,0.0,LOW,,0.0,0.0
google,search,Search_NTM_Campaign_08,30,0.0,13.38,214.69,0.0,0.02,0.27,99.9,HIGH,,0.01,36.3
google,search,Search_NTM_Campaign_08,60,0.0,26.76,429.38,0.0,0.02,0.27,99.9,HIGH,,0.02,72.59
google,search,Search_NTM_Campaign_08,90,0.0,40.14,644.08,0.0,0.02,0.27,99.9,HIGH,,0.03,108.89
google,search,Search_NTM_Campaign_09,30,197.23,447.01,3845.18,0.19,0.43,3.71,136.4,HIGH,6906.36,169.49,0.0
google,search,Search_NTM_Campaign_09,60,511.64,931.49,7675.53,0.25,0.45,3.7,136.6,HIGH,14562.09,338.97,0.0
google,search,Search_NTM_Campaign_09,90,881.16,1473.07,11559.93,0.28,0.47,3.72,136.9,HIGH,23359.85,508.46,0.0
google,search,Search_NTM_Campaign_10,30,0.0,0.0,250.33,0.0,0.0,0.28,0.0,LOW,,0.0,0.0
google,search,Search_NTM_Campaign_10,60,0.0,0.0,500.67,0.0,0.0,0.28,0.0,LOW,,0.0,0.0
google,search,Search_NTM_Campaign_10,90,0.0,0.0,751.0,0.0,0.0,0.28,0.0,LOW,,0.0,0.0
google,search,Search_NTM_Campaign_11,30,0.0,278.17,2898.04,0.0,0.55,5.76,100.0,HIGH,,440.44,0.0
google,search,Search_NTM_Campaign_11,60,0.0,556.35,5796.08,0.0,0.55,5.76,100.0,HIGH,,880.89,0.0
google,search,Search_NTM_Campaign_11,90,0.0,834.52,8694.13,0.0,0.55,5.76,100.0,HIGH,,1321.33,0.0
google,search,Search_NTM_Campaign_12,30,1102.1,1770.47,1913.64,0.36,0.58,0.63,3.5,LOW,,1724.85,1848.68
google,search,Search_NTM_Campaign_12,60,2204.2,3540.94,3827.29,0.36,0.58,0.63,3.5,LOW,,3449.69,3697.37
google,search,Search_NTM_Campaign_12,90,3306.3,5311.41,5740.93,0.36,0.58,0.63,3.5,LOW,,5174.54,5546.05
google,search,Search_NTM_Campaign_13,30,0.0,0.0,0.0,0.0,0.0,0.0,25.0,HIGH,,,
google,search,Search_NTM_Campaign_13,60,0.0,0.0,0.0,0.0,0.0,0.0,25.0,HIGH,,,
google,search,Search_NTM_Campaign_13,90,0.0,0.0,0.0,0.0,0.0,0.0,25.0,HIGH,,,
google,search,Search_NTM_Campaign_14,30,0.0,0.0,0.0,0.0,0.0,0.0,25.0,HIGH,,,
google,search,Search_NTM_Campaign_14,60,0.0,0.0,0.0,0.0,0.0,0.0,25.0,HIGH,,,
google,search,Search_NTM_Campaign_14,90,0.0,0.0,0.0,0.0,0.0,0.0,25.0,HIGH,,,
google,search,Search_NTM_Campaign_15,30,0.0,0.0,0.0,0.0,0.0,0.0,25.0,HIGH,,,
google,search,Search_NTM_Campaign_15,60,0.0,0.0,0.0,0.0,0.0,0.0,25.0,HIGH,,,
google,search,Search_NTM_Campaign_15,90,0.0,0.0,0.0,0.0,0.0,0.0,25.0,HIGH,,,
google,search,Search_NTM_Campaign_16,30,0.0,0.0,0.0,0.0,0.0,0.0,25.0,HIGH,,,
google,search,Search_NTM_Campaign_16,60,0.0,0.0,0.0,0.0,0.0,0.0,25.0,HIGH,,,
google,search,Search_NTM_Campaign_16,90,0.0,0.0,0.0,0.0,0.0,0.0,25.0,HIGH,,,
google,search,Search_NTM_Campaign_17,30,0.0,0.0,0.0,0.0,0.0,0.0,25.0,HIGH,,,
google,search,Search_NTM_Campaign_17,60,0.0,0.0,0.0,0.0,0.0,0.0,25.0,HIGH,,,
google,search,Search_NTM_Campaign_17,90,0.0,0.0,0.0,0.0,0.0,0.0,25.0,HIGH,,,
google,shopping,Pmax_Campaign_01,30,0.0,0.0,0.0,0.0,0.0,0.0,25.0,HIGH,,,
google,shopping,Pmax_Campaign_01,60,0.0,0.0,0.0,0.0,0.0,0.0,25.0,HIGH,,,
google,shopping,Pmax_Campaign_01,90,0.0,0.0,0.0,0.0,0.0,0.0,25.0,HIGH,,,
google,shopping,Pmax_Campaign_02,30,0.0,0.0,0.0,0.0,0.0,0.0,25.0,HIGH,,,
google,shopping,Pmax_Campaign_02,60,0.0,0.0,0.0,0.0,0.0,0.0,25.0,HIGH,,,
google,shopping,Pmax_Campaign_02,90,0.0,0.0,0.0,0.0,0.0,0.0,25.0,HIGH,,,
google,shopping,Pmax_Campaign_03,30,0.0,151.01,465.82,0.0,2.11,6.5,93.0,HIGH,597.9,0.0,202.71
google,shopping,Pmax_Campaign_03,60,0.0,303.48,922.06,0.0,2.12,6.43,93.4,HIGH,1210.39,0.0,405.42
google,shopping,Pmax_Campaign_03,90,9.17,458.75,1380.78,0.04,2.13,6.42,94.0,HIGH,1850.95,0.01,608.13
google,shopping,Pmax_Campaign_04,30,16.93,34.21,248.54,11.45,23.14,168.09,141.4,HIGH,342.13,0.0,0.0
google,shopping,Pmax_Campaign_04,60,46.76,70.34,490.86,15.81,23.79,165.99,141.4,HIGH,703.42,0.0,0.0
google,shopping,Pmax_Campaign_04,90,76.81,106.91,732.6,17.32,24.1,165.16,141.4,HIGH,1069.05,0.0,0.0
google,shopping,Pmax_Campaign_05,30,173.54,2583.61,14267.99,0.15,2.25,12.42,65.5,HIGH,6979.42,3083.59,1106.78
google,shopping,Pmax_Campaign_05,60,483.4,5108.21,28330.66,0.21,2.22,12.33,63.7,HIGH,13368.83,6167.17,2213.56
google,shopping,Pmax_Campaign_05,90,767.07,7621.17,42344.92,0.22,2.21,12.29,62.8,HIGH,19641.74,9250.76,3320.33
google,shopping,Pmax_Campaign_06,30,79.09,166.37,2983.82,2.25,4.73,84.89,140.9,HIGH,1646.33,3.86,0.0
google,shopping,Pmax_Campaign_06,60,200.26,321.82,5903.49,2.85,4.58,83.98,140.9,HIGH,3183.45,7.73,0.0
google,shopping,Pmax_Campaign_06,90,311.83,468.53,8799.67,2.96,4.44,83.45,140.9,HIGH,4633.12,11.59,0.0
google,shopping,Pmax_Campaign_07,30,112.16,874.68,6161.21,0.11,0.83,5.82,97.5,HIGH,3783.16,1103.03,0.0
google,shopping,Pmax_Campaign_07,60,294.65,1706.15,12196.29,0.14,0.81,5.76,95.8,HIGH,7134.16,2206.07,0.0
google,shopping,Pmax_Campaign_07,90,448.38,2513.13,18192.62,0.14,0.79,5.72,94.5,HIGH,10240.37,3309.1,0.0
google,shopping,Pmax_Campaign_08,30,3438.64,4912.35,6386.06,2.87,4.1,5.33,25.0,HIGH,,,
google,shopping,Pmax_Campaign_08,60,6877.29,9824.7,12772.11,2.87,4.1,5.33,25.0,HIGH,,,
google,shopping,Pmax_Campaign_08,90,10315.94,14737.05,19158.16,2.87,4.1,5.33,25.0,HIGH,,,
google,shopping,Pmax_Campaign_09,30,1041.38,1755.52,7753.16,0.52,0.88,3.9,122.3,HIGH,12029.38,1227.95,0.0
google,shopping,Pmax_Campaign_09,60,2404.43,3502.93,15311.61,0.61,0.88,3.86,122.2,HIGH,23977.75,2455.91,0.0
google,shopping,Pmax_Campaign_09,90,3823.39,5324.79,22835.38,0.64,0.89,3.83,122.6,HIGH,36670.52,3683.86,0.0
google,shopping,Pmax_NTM_Campaign_01,30,120.98,2261.75,9622.68,0.06,1.15,4.9,88.2,HIGH,8950.08,1042.57,1994.63
google,shopping,Pmax_NTM_Campaign_01,60,416.23,4534.03,19088.59,0.11,1.16,4.86,88.4,HIGH,18005.42,2085.14,3989.26
google,shopping,Pmax_NTM_Campaign_01,90,731.39,6796.66,28570.61,0.12,1.15,4.85,88.4,HIGH,26964.38,3127.71,5983.9
google,shopping,Pmax_NTM_Campaign_02,30,80.79,2816.98,7002.5,0.03,1.17,2.91,68.2,HIGH,8354.85,2212.06,2191.26
google,shopping,Pmax_NTM_Campaign_02,60,272.67,5640.98,13917.96,0.06,1.17,2.89,68.4,HIGH,16779.95,4424.12,4382.51
google,shopping,Pmax_NTM_Campaign_02,90,464.64,8452.62,20821.35,0.06,1.17,2.88,68.2,HIGH,25081.4,6636.18,6573.77
google,shopping,Pmax_NTM_Campaign_03,30,0.0,3371.08,14353.62,0.0,4.7,20.02,59.5,HIGH,7615.17,1112.05,4686.98
google,shopping,Pmax_NTM_Campaign_03,60,0.0,6786.43,28627.2,0.0,4.73,19.96,60.4,HIGH,15673.03,2224.09,9373.96
google,shopping,Pmax_NTM_Campaign_03,90,0.0,10219.16,42921.96,0.0,4.75,19.95,61.0,HIGH,23904.69,3336.14,14060.94
google,shopping,Pmax_NTM_Campaign_04,30,378.82,1909.95,8181.03,0.59,2.99,12.82,81.9,HIGH,6839.69,884.52,1839.88
google,shopping,Pmax_NTM_Campaign_04,60,868.54,3778.65,16219.92,0.68,2.96,12.71,80.6,HIGH,13266.88,1769.05,3679.75
google,shopping,Pmax_NTM_Campaign_04,90,1205.29,5600.87,24368.78,0.63,2.93,12.73,79.2,HIGH,19229.34,2653.57,5519.63
google,shopping,Pmax_NTM_Campaign_05,30,8140.03,21826.57,65757.92,2.93,7.86,23.68,31.5,HIGH,37404.82,20007.73,20183.58
google,shopping,Pmax_NTM_Campaign_05,60,17186.14,44092.32,131551.98,3.09,7.94,23.68,34.6,HIGH,79201.48,40015.46,40367.15
google,shopping,Pmax_NTM_Campaign_05,90,26695.2,66778.93,197764.98,3.2,8.02,23.74,37.4,HIGH,125206.71,60023.18,60550.73
google,shopping,Pmax_NTM_Campaign_06,30,0.0,2369.8,7915.27,0.0,3.92,13.09,50.3,HIGH,5151.76,1397.51,2723.88
google,shopping,Pmax_NTM_Campaign_06,60,0.0,4736.93,15743.46,0.0,3.92,13.02,50.2,HIGH,10276.83,2795.02,5447.75
google,shopping,Pmax_NTM_Campaign_06,90,0.0,7119.58,23567.53,0.0,3.93,13.0,50.6,HIGH,15557.13,4192.52,8171.63
google,shopping,Pmax_NTM_Campaign_07,30,127.17,2891.16,17900.2,0.52,11.71,72.51,100.8,HIGH,13564.45,334.52,3075.95
google,shopping,Pmax_NTM_Campaign_07,60,583.5,5715.69,35453.06,1.18,11.58,71.81,100.0,HIGH,26462.57,669.04,6151.91
google,shopping,Pmax_NTM_Campaign_07,90,973.49,8458.43,52846.44,1.31,11.42,71.36,99.1,HIGH,38542.86,1003.57,9227.86
google,shopping,Pmax_NTM_Campaign_08,30,430.59,2944.8,28163.77,1.51,10.33,98.82,115.3,HIGH,18046.42,1303.02,1230.66
google,shopping,Pmax_NTM_Campaign_08,60,1158.59,5688.76,55620.35,2.03,9.98,97.58,114.0,HIGH,34084.48,2606.04,2461.31
google,shopping,Pmax_NTM_Campaign_08,90,1642.09,8265.19,83032.73,1.92,9.67,97.11,112.7,HIGH,48447.25,3909.06,3691.97
google,shopping,Pmax_NTM_Campaign_09,30,932.96,7962.15,22359.34,0.17,1.44,4.03,32.6,HIGH,13865.42,7141.14,7471.32
google,shopping,Pmax_NTM_Campaign_09,60,1981.87,15906.06,44586.68,0.18,1.43,4.02,32.3,HIGH,27548.42,14282.27,14942.65
google,shopping,Pmax_NTM_Campaign_09,90,3043.96,23831.5,66815.02,0.18,1.43,4.02,31.9,HIGH,41046.77,21423.41,22413.97
google,shopping,Pmax_NTM_Campaign_10,30,699.46,3598.54,21694.68,0.69,3.55,21.4,112.5,HIGH,20969.1,924.48,2412.47
google,shopping,Pmax_NTM_Campaign_10,60,2687.49,8075.51,43931.9,1.33,3.98,21.67,116.9,HIGH,50722.45,1848.96,4824.95
google,shopping,Pmax_NTM_Campaign_10,90,5143.67,12959.13,66608.82,1.69,4.26,21.9,119.1,HIGH,84542.36,2773.44,7237.42
google,shopping,Pmax_NTM_Campaign_11,30,19.22,626.58,3392.08,0.27,8.73,47.26,76.4,HIGH,2022.03,703.09,239.97
google,shopping,Pmax_NTM_Campaign_11,60,95.19,1258.52,6750.2,0.66,8.77,47.02,76.9,HIGH,4097.61,1406.17,479.95
google,shopping,Pmax_NTM_Campaign_11,90,177.68,1897.88,10113.56,0.83,8.81,46.97,77.6,HIGH,6247.44,2109.26,719.92
google,shopping,Pmax_NTM_Campaign_12,30,0.0,3897.91,13888.43,0.0,6.08,21.67,52.3,HIGH,9103.22,3707.01,2932.08
google,shopping,Pmax_NTM_Campaign_12,60,0.0,7876.79,27739.36,0.0,6.15,21.64,54.5,HIGH,19016.15,7414.02,5864.15
google,shopping,Pmax_NTM_Campaign_12,90,0.0,12127.81,41866.83,0.0,6.31,21.78,59.7,HIGH,31650.51,11121.02,8796.23
google,shopping,Pmax_NTM_Campaign_13,30,0.0,2594.34,8651.49,0.0,15.59,51.99,65.2,HIGH,6289.73,3741.82,625.67
google,shopping,Pmax_NTM_Campaign_13,60,0.0,5206.26,17198.37,0.0,15.64,51.68,65.6,HIGH,12755.16,7483.63,1251.35
google,shopping,Pmax_NTM_Campaign_13,90,0.0,7847.7,25764.54,0.0,15.72,51.61,66.3,HIGH,19515.92,11225.45,1877.02
google,shopping,Pmax_NTM_Campaign_14,30,7726.62,14408.43,25179.49,1.0,1.86,3.24,47.3,HIGH,31269.57,11470.15,13599.79
google,shopping,Pmax_NTM_Campaign_14,60,15707.79,28881.65,50250.03,1.01,1.86,3.24,47.8,HIGH,63187.08,22940.29,27199.58
google,shopping,Pmax_NTM_Campaign_14,90,23813.38,43398.02,75380.79,1.02,1.86,3.24,48.2,HIGH,95536.1,34410.44,40799.37
google,shopping,Pmax_NTM_Campaign_15,30,1649.1,5122.54,20314.95,1.44,4.49,17.8,96.3,HIGH,23009.69,2202.42,4067.74
google,shopping,Pmax_NTM_Campaign_15,60,3727.81,10296.25,40352.29,1.63,4.51,17.68,96.7,HIGH,46531.09,4404.84,8135.48
google,shopping,Pmax_NTM_Campaign_15,90,5878.17,15486.89,60426.03,1.72,4.52,17.65,96.9,HIGH,70221.84,6607.26,12203.21
google,shopping,Pmax_NTM_Campaign_16,30,638.19,4557.96,11727.59,0.26,1.88,4.84,57.3,HIGH,10834.57,5489.79,2231.32
google,shopping,Pmax_NTM_Campaign_16,60,1451.57,9115.6,23291.1,0.3,1.88,4.8,57.3,HIGH,21665.93,10979.59,4462.64
google,shopping,Pmax_NTM_Campaign_16,90,2293.5,13671.86,34880.2,0.32,1.88,4.8,57.3,HIGH,32483.53,16469.38,6693.96
google,shopping,Pmax_NTM_Campaign_17,30,0.0,608.26,5181.25,0.0,3.74,31.9,86.6,HIGH,2354.2,305.74,522.79
google,shopping,Pmax_NTM_Campaign_17,60,0.0,1214.69,10312.33,0.0,3.74,31.74,86.4,HIGH,4690.1,611.49,1045.58
google,shopping,Pmax_NTM_Campaign_17,90,0.0,1820.85,15439.44,0.0,3.74,31.68,86.4,HIGH,7023.3,917.23,1568.37
google,shopping,Pmax_NTM_Campaign_18,30,237.15,720.55,7302.48,0.56,1.71,17.37,128.2,HIGH,5546.48,99.83,268.85
google,shopping,Pmax_NTM_Campaign_18,60,620.5,1431.46,14485.49,0.74,1.7,17.23,128.1,HIGH,10996.51,199.66,537.69
google,shopping,Pmax_NTM_Campaign_18,90,997.85,2139.5,21662.48,0.79,1.7,17.17,128.1,HIGH,16417.88,299.49,806.54
google,shopping,Pmax_NTM_Campaign_19,30,0.0,5249.54,13818.59,0.0,2.57,6.76,33.6,HIGH,9213.14,4355.61,5262.68
google,shopping,Pmax_NTM_Campaign_19,60,0.0,10495.45,27461.58,0.0,2.57,6.72,33.5,HIGH,18389.85,8711.21,10525.36
google,shopping,Pmax_NTM_Campaign_19,90,0.0,15744.63,41077.1,0.0,2.57,6.7,33.5,HIGH,27599.35,13066.82,15788.05
google,shopping,Pmax_NTM_Campaign_20,30,0.0,3303.0,13286.14,0.0,5.46,21.96,58.9,HIGH,8470.29,3221.04,2236.67
google,shopping,Pmax_NTM_Campaign_20,60,0.0,6595.73,26393.84,0.0,5.45,21.81,58.6,HIGH,16837.84,6442.09,4473.34
google,shopping,Pmax_NTM_Campaign_20,90,0.0,9883.96,39462.59,0.0,5.44,21.74,58.4,HIGH,25160.41,9663.13,6710.01
google,shopping,Pmax_NTM_Campaign_21,30,0.0,16139.59,41009.72,0.0,4.07,10.34,44.0,HIGH,,23242.36,9036.82
google,shopping,Pmax_NTM_Campaign_21,60,0.0,32279.18,82019.44,0.0,4.07,10.34,44.0,HIGH,,46484.73,18073.64
google,shopping,Pmax_NTM_Campaign_21,90,0.0,48418.77,123029.16,0.0,4.07,10.34,44.0,HIGH,,69727.09,27110.45
google,shopping,Pmax_NTM_Campaign_22,30,87.05,1815.91,10273.31,0.29,6.02,34.05,104.7,HIGH,9184.21,309.45,1684.97
google,shopping,Pmax_NTM_Campaign_22,60,309.71,3513.75,20229.42,0.51,5.82,33.52,102.7,HIGH,17187.73,618.9,3369.94
google,shopping,Pmax_NTM_Campaign_22,90,475.57,5155.96,30119.2,0.53,5.7,33.28,101.3,HIGH,24634.94,928.35,5054.91
google,shopping,Pmax_NTM_Campaign_23,30,379.74,1765.35,12430.82,1.48,6.86,48.31,99.0,HIGH,8298.83,846.89,1231.93
google,shopping,Pmax_NTM_Campaign_23,60,912.73,3436.14,24597.88,1.77,6.68,47.8,97.0,HIGH,15652.11,1693.77,2463.86
google,shopping,Pmax_NTM_Campaign_23,90,1354.76,5060.66,36659.12,1.75,6.56,47.49,95.6,HIGH,22542.58,2540.66,3695.79
google,shopping,Pmax_NTM_Campaign_24,30,27.36,132.21,857.59,0.23,1.11,7.17,123.0,HIGH,918.44,0.0,89.71
google,shopping,Pmax_NTM_Campaign_24,60,54.11,235.33,1653.89,0.23,0.98,6.92,120.0,HIGH,1545.91,0.0,179.42
google,shopping,Pmax_NTM_Campaign_24,90,69.92,319.84,2429.34,0.19,0.89,6.77,117.0,HIGH,1987.29,0.0,269.13
google,shopping,Pmax_NTM_Campaign_25,30,411.44,1014.71,4509.33,0.64,1.57,6.98,118.1,HIGH,6432.38,825.48,0.0
google,shopping,Pmax_NTM_Campaign_25,60,965.79,2041.28,8916.93,0.75,1.58,6.9,118.3,HIGH,12983.42,1650.97,0.0
google,shopping,Pmax_NTM_Campaign_25,90,1567.19,3096.07,13372.05,0.81,1.6,6.9,118.6,HIGH,19816.64,2476.45,0.0
google,shopping,Pmax_NTM_Campaign_26,30,0.0,528.93,2469.75,0.0,2.88,13.43,39.1,HIGH,1004.26,543.88,408.35
google,shopping,Pmax_NTM_Campaign_26,60,0.0,1047.56,4906.98,0.0,2.85,13.34,36.4,HIGH,1905.55,1087.76,816.69
google,shopping,Pmax_NTM_Campaign_26,90,0.0,1561.32,7333.91,0.0,2.83,13.29,34.6,HIGH,2758.16,1631.64,1225.04
google,shopping,Pmax_NTM_Campaign_27,30,0.0,3605.66,11731.52,0.0,1.8,5.87,48.1,HIGH,7678.82,2298.87,4007.3
google,shopping,Pmax_NTM_Campaign_27,60,0.0,7185.77,23301.31,0.0,1.8,5.83,47.4,HIGH,15102.18,4597.75,8014.6
google,shopping,Pmax_NTM_Campaign_27,90,0.0,10745.67,34842.87,0.0,1.79,5.81,46.7,HIGH,22323.39,6896.62,12021.9
google,shopping,Pmax_NTM_Campaign_28,30,411.0,979.09,5153.45,1.63,3.89,20.46,71.3,HIGH,2958.83,1050.57,467.66
google,shopping,Pmax_NTM_Campaign_28,60,902.57,1986.07,10285.1,1.79,3.94,20.41,73.3,HIGH,6196.58,2101.14,935.33
google,shopping,Pmax_NTM_Campaign_28,90,1412.74,3006.68,15429.92,1.87,3.98,20.42,74.6,HIGH,9570.63,3151.71,1402.99
google,shopping,Pmax_NTM_Campaign_29,30,48.87,443.69,3774.28,0.06,0.51,4.31,104.1,HIGH,2170.98,503.54,0.0
google,shopping,Pmax_NTM_Campaign_29,60,67.87,768.93,7353.65,0.04,0.44,4.2,94.9,HIGH,3157.47,1007.07,0.0
google,shopping,Pmax_NTM_Campaign_29,90,27.72,1038.47,10852.87,0.01,0.39,4.13,86.5,HIGH,3586.93,1510.61,0.0
google,shopping,Pmax_NTM_Campaign_30,30,229.04,432.55,1888.34,0.12,0.22,0.96,136.8,HIGH,3925.6,88.86,0.0
google,shopping,Pmax_NTM_Campaign_30,60,571.3,869.6,3716.73,0.15,0.22,0.95,136.8,HIGH,7896.31,177.72,0.0
google,shopping,Pmax_NTM_Campaign_30,90,921.69,1333.89,5554.01,0.16,0.23,0.94,136.9,HIGH,12139.36,266.57,0.0
google,shopping,Pmax_NTM_Campaign_31,30,96.52,4822.19,15384.4,0.08,4.21,13.43,59.4,HIGH,12516.4,4445.56,3488.98
google,shopping,Pmax_NTM_Campaign_31,60,464.18,9667.26,30590.84,0.2,4.22,13.35,59.8,HIGH,25261.72,8891.13,6977.96
google,shopping,Pmax_NTM_Campaign_31,90,872.75,14549.1,45826.91,0.25,4.23,13.33,60.5,HIGH,38374.64,13336.69,10466.95
google,shopping,Pmax_NTM_Campaign_32,30,306.7,7183.98,16804.32,0.51,11.99,28.03,43.6,HIGH,13321.73,3964.0,9040.01
google,shopping,Pmax_NTM_Campaign_32,60,1034.64,14429.66,33457.24,0.86,12.04,27.91,44.5,HIGH,27260.5,7927.99,18080.03
google,shopping,Pmax_NTM_Campaign_32,90,1877.37,21868.14,50235.06,1.04,12.16,27.94,46.6,HIGH,43127.25,11891.99,27120.04
google,shopping,Pmax_NTM_Campaign_33,30,175.07,3081.26,7985.34,0.08,1.41,3.65,34.5,HIGH,4268.11,4163.31,1735.47
google,shopping,Pmax_NTM_Campaign_33,60,418.14,6121.23,15851.35,0.1,1.4,3.63,33.8,HIGH,8123.26,8326.62,3470.95
google,shopping,Pmax_NTM_Campaign_33,90,636.0,9139.67,23670.59,0.1,1.39,3.61,33.4,HIGH,11763.13,12489.93,5206.42
google,shopping,Pmax_NTM_Campaign_34,30,0.0,8821.19,20438.15,0.0,5.63,13.05,10.1,MODERATE,9358.23,9820.17,7702.87
google,shopping,Pmax_NTM_Campaign_34,60,0.0,17705.05,40830.06,0.0,5.65,13.03,10.6,MODERATE,19343.13,19640.33,15405.74
google,shopping,Pmax_NTM_Campaign_34,90,0.0,26648.44,61285.66,0.0,5.67,13.04,11.3,MODERATE,29923.35,29460.5,23108.61
google,shopping,Pmax_NTM_Campaign_35,30,722.09,5577.99,10689.79,0.22,1.73,3.32,36.2,HIGH,9027.29,7018.51,3370.96
google,shopping,Pmax_NTM_Campaign_35,60,1674.85,11254.23,21374.97,0.26,1.75,3.32,38.0,HIGH,19036.98,14037.02,6741.93
google,shopping,Pmax_NTM_Campaign_35,90,2716.13,17034.92,32144.94,0.28,1.76,3.33,40.0,HIGH,30091.24,21055.54,10112.89
google,shopping,Pmax_NTM_Campaign_36,30,0.0,1873.42,7955.35,0.0,4.82,20.47,73.7,HIGH,5218.67,273.09,2730.36
google,shopping,Pmax_NTM_Campaign_36,60,0.0,3763.04,15840.31,0.0,4.84,20.38,74.2,HIGH,10599.37,546.18,5460.73
google,shopping,Pmax_NTM_Campaign_36,90,0.0,5673.4,23744.95,0.0,4.87,20.37,74.7,HIGH,16187.4,819.27,8191.09
google,shopping,Pmax_NTM_Campaign_37,30,0.0,16443.09,40832.74,0.0,6.92,17.17,7.6,MODERATE,17967.8,15058.64,17488.71
google,shopping,Pmax_NTM_Campaign_37,60,0.0,32814.46,81253.1,0.0,6.9,17.09,7.0,MODERATE,35218.51,30117.27,34977.42
google,shopping,Pmax_NTM_Campaign_37,90,0.0,49179.23,121622.82,0.0,6.89,17.05,6.8,MODERATE,52403.07,45175.91,52466.13
google,shopping,Pmax_NTM_Campaign_38,30,166.13,313.33,3356.25,0.64,1.22,13.03,140.1,HIGH,3047.67,19.03,0.0
google,shopping,Pmax_NTM_Campaign_38,60,419.53,620.94,6639.68,0.81,1.2,12.88,140.1,HIGH,6038.19,38.06,0.0
google,shopping,Pmax_NTM_Campaign_38,90,670.77,925.0,9901.05,0.87,1.2,12.81,140.1,HIGH,8993.11,57.08,0.0
google,shopping,Pmax_NTM_Campaign_39,30,495.45,1663.66,7424.2,0.33,1.11,4.96,79.1,HIGH,4783.88,2633.93,0.0
google,shopping,Pmax_NTM_Campaign_39,60,1096.95,3357.52,14799.21,0.37,1.12,4.94,79.9,HIGH,9869.87,5267.86,0.0
google,shopping,Pmax_NTM_Campaign_39,90,1733.33,5080.78,22226.82,0.39,1.13,4.95,80.7,HIGH,15249.73,7901.78,0.0
google,shopping,Pmax_NTM_Campaign_40,30,32133.45,47313.04,56397.58,10.96,16.14,19.23,8.9,MODERATE,,51540.55,43085.53
google,shopping,Pmax_NTM_Campaign_40,60,64266.9,94626.08,112795.15,10.96,16.14,19.23,8.9,MODERATE,,103081.09,86171.07
google,shopping,Pmax_NTM_Campaign_40,90,96400.36,141939.12,169192.73,10.96,16.14,19.23,8.9,MODERATE,,154621.64,129256.6
google,shopping,Pmax_NTM_Campaign_41,30,0.0,392.19,5160.93,0.0,0.41,5.37,100.0,HIGH,,784.39,0.0
google,shopping,Pmax_NTM_Campaign_41,60,0.0,784.39,10321.86,0.0,0.41,5.37,100.0,HIGH,,1568.77,0.0
google,shopping,Pmax_NTM_Campaign_41,90,0.0,1176.58,15482.79,0.0,0.41,5.37,100.0,HIGH,,2353.16,0.0
google,shopping,Pmax_NTM_Campaign_42,30,4600.65,6572.36,8544.06,2.11,3.01,3.91,25.0,HIGH,,,
google,shopping,Pmax_NTM_Campaign_42,60,9201.3,13144.71,17088.13,2.11,3.01,3.91,25.0,HIGH,,,
google,shopping,Pmax_NTM_Campaign_42,90,13801.95,19717.07,25632.19,2.11,3.01,3.91,25.0,HIGH,,,
google,shopping,Pmax_NTM_Campaign_43,30,12887.58,18410.83,23934.08,2.96,4.23,5.5,25.0,HIGH,,,
google,shopping,Pmax_NTM_Campaign_43,60,25775.16,36821.66,47868.16,2.96,4.23,5.5,25.0,HIGH,,,
google,shopping,Pmax_NTM_Campaign_43,90,38662.74,55232.49,71802.24,2.96,4.23,5.5,25.0,HIGH,,,
google,shopping,Pmax_NTM_Campaign_44,30,2747.06,3924.37,5101.68,2.7,3.86,5.01,25.0,HIGH,,,
google,shopping,Pmax_NTM_Campaign_44,60,5494.12,7848.74,10203.36,2.7,3.86,5.01,25.0,HIGH,,,
google,shopping,Pmax_NTM_Campaign_44,90,8241.18,11773.11,15305.04,2.7,3.86,5.01,25.0,HIGH,,,
google,shopping,Pmax_NTM_Campaign_45,30,7099.85,10142.64,13185.43,6.36,9.09,11.82,25.0,HIGH,,,
google,shopping,Pmax_NTM_Campaign_45,60,14199.7,20285.28,26370.86,6.36,9.09,11.82,25.0,HIGH,,,
google,shopping,Pmax_NTM_Campaign_45,90,21299.54,30427.92,39556.29,6.36,9.09,11.82,25.0,HIGH,,,
google,shopping,Pmax_NTM_Campaign_46,30,0.0,1950.53,6072.04,0.0,3.36,10.47,48.8,HIGH,,998.48,2902.58
google,shopping,Pmax_NTM_Campaign_46,60,0.0,3901.07,12144.08,0.0,3.36,10.47,48.8,HIGH,,1996.97,5805.16
google,shopping,Pmax_NTM_Campaign_46,90,0.0,5851.6,18216.13,0.0,3.36,10.47,48.8,HIGH,,2995.45,8707.75
google,shopping,Pmax_NTM_Campaign_47,30,7244.59,13898.86,27266.87,1.81,3.47,6.8,17.6,HIGH,,11453.45,16344.27
google,shopping,Pmax_NTM_Campaign_47,60,14489.17,27797.72,54533.75,1.81,3.47,6.8,17.6,HIGH,,22906.91,32688.53
google,shopping,Pmax_NTM_Campaign_47,90,21733.76,41696.58,81800.62,1.81,3.47,6.8,17.6,HIGH,,34360.36,49032.8
google,shopping,Pmax_NTM_Campaign_48,30,4345.24,12193.44,26556.25,1.03,2.88,6.28,8.0,MODERATE,,13163.04,11223.85
google,shopping,Pmax_NTM_Campaign_48,60,8690.48,24386.89,53112.49,1.03,2.88,6.28,8.0,MODERATE,,26326.07,22447.7
google,shopping,Pmax_NTM_Campaign_48,90,13035.72,36580.33,79668.74,1.03,2.88,6.28,8.0,MODERATE,,39489.11,33671.55
google,shopping,Pmax_NTM_Campaign_49,30,6378.51,15691.41,27909.8,2.9,7.14,12.7,5.5,MODERATE,,16557.31,14825.52
google,shopping,Pmax_NTM_Campaign_49,60,12757.02,31382.83,55819.61,2.9,7.14,12.7,5.5,MODERATE,,33114.61,29651.04
google,shopping,Pmax_NTM_Campaign_49,90,19135.53,47074.24,83729.41,2.9,7.14,12.7,5.5,MODERATE,,49671.92,44476.56
google,shopping,Shopping_NTM_Campaign_01,30,16791.33,53311.18,138426.66,1.59,5.04,13.07,49.9,HIGH,120731.53,44911.31,46728.75
google,shopping,Shopping_NTM_Campaign_01,60,35810.52,108017.23,277629.24,1.69,5.1,13.11,52.8,HIGH,255411.81,89822.62,93457.49
google,shopping,Shopping_NTM_Campaign_01,90,54417.22,164193.36,420446.3,1.71,5.17,13.24,55.6,HIGH,404792.79,134733.93,140186.24
google,shopping,Shopping_NTM_Campaign_02,30,0.0,0.0,0.0,0.0,0.0,0.0,25.0,HIGH,,,
google,shopping,Shopping_NTM_Campaign_02,60,0.0,0.0,0.0,0.0,0.0,0.0,25.0,HIGH,,,
google,shopping,Shopping_NTM_Campaign_02,90,0.0,0.0,0.0,0.0,0.0,0.0,25.0,HIGH,,,
google,shopping,Shopping_NTM_Campaign_03,30,6515.99,9308.55,12101.12,3.87,5.52,7.18,25.0,HIGH,,,
google,shopping,Shopping_NTM_Campaign_03,60,13031.97,18617.1,24202.23,3.87,5.52,7.18,25.0,HIGH,,,
google,shopping,Shopping_NTM_Campaign_03,90,19547.96,27925.65,36303.35,3.87,5.52,7.18,25.0,HIGH,,,
meta,brand,Generic_Brand_Campaign_01,30,135.27,622.64,1091.62,0.05,0.24,0.43,57.1,HIGH,1422.93,804.13,263.31
meta,brand,Generic_Brand_Campaign_01,60,293.71,1246.05,2162.03,0.06,0.25,0.43,57.2,HIGH,2853.56,1608.25,526.61
meta,brand,Generic_Brand_Campaign_01,90,453.93,1867.56,3233.3,0.06,0.24,0.42,57.0,HIGH,4265.22,2412.38,789.92
meta,display,Prospecting_Adv_Plus_Campaign_01,30,10067.23,10915.43,51242.24,11.59,12.57,58.99,100.0,HIGH,,21830.85,0.0
meta,display,Prospecting_Adv_Plus_Campaign_01,60,20134.46,21830.85,102484.47,11.59,12.57,58.99,100.0,HIGH,,43661.7,0.0
meta,display,Prospecting_Adv_Plus_Campaign_01,90,30201.69,32746.28,153726.71,11.59,12.57,58.99,100.0,HIGH,,65492.55,0.0
meta,display,Prospecting_Adv_Plus_Campaign_02,30,4714.71,7919.14,28816.51,5.5,9.23,33.59,63.5,HIGH,,12947.96,2890.32
meta,display,Prospecting_Adv_Plus_Campaign_02,60,9429.41,15838.28,57633.02,5.5,9.23,33.59,63.5,HIGH,,25895.92,5780.64
meta,display,Prospecting_Adv_Plus_Campaign_02,90,14144.12,23757.42,86449.53,5.5,9.23,33.59,63.5,HIGH,,38843.89,8670.96
meta,display,Prospecting_Brand_Campaign_01,30,116.36,7016.68,24238.41,0.05,2.88,9.94,46.0,HIGH,14707.64,4984.63,7339.61
meta,display,Prospecting_Brand_Campaign_01,60,512.27,13889.59,48072.76,0.11,2.85,9.85,43.5,HIGH,27977.68,9969.27,14679.23
meta,display,Prospecting_Brand_Campaign_01,90,748.27,20591.99,71620.47,0.1,2.81,9.79,40.5,HIGH,39542.51,14953.9,22018.84
meta,display,Prospecting_Brand_Campaign_02,30,0.0,14034.48,30484.14,0.0,5.45,11.85,47.8,HIGH,28578.31,7794.41,17042.58
meta,display,Prospecting_Brand_Campaign_02,60,0.0,27916.94,60311.29,0.0,5.42,11.72,46.6,HIGH,55636.45,15588.83,34085.15
meta,display,Prospecting_Brand_Campaign_02,90,0.0,41670.3,89905.89,0.0,5.4,11.64,45.6,HIGH,81403.63,23383.24,51127.73
meta,display,Prospecting_DPA_Campaign_01,30,0.0,1912.17,8343.3,0.0,3.32,14.47,33.2,HIGH,3242.33,1425.08,2103.67
meta,display,Prospecting_DPA_Campaign_01,60,0.0,3769.24,16554.95,0.0,3.27,14.36,29.1,HIGH,5933.7,2850.15,4207.35
meta,display,Prospecting_DPA_Campaign_01,90,0.0,5587.48,24719.5,0.0,3.23,14.29,25.8,HIGH,8236.72,4275.23,6311.02
meta,display,Prospecting_DPA_Campaign_02,30,324.85,1625.0,7630.18,0.6,3.01,14.14,76.0,HIGH,4247.34,2667.25,0.0
meta,display,Prospecting_DPA_Campaign_02,60,724.43,3206.85,15131.31,0.67,2.97,14.02,75.0,HIGH,8063.21,5334.51,0.0
meta,display,Prospecting_DPA_Campaign_02,90,1092.86,4751.1,22575.92,0.68,2.94,13.95,74.0,HIGH,11503.13,8001.76,0.0
meta,display,Prospecting_DPA_Campaign_04,30,437.34,933.02,9112.6,1.56,3.33,32.55,135.5,HIGH,8261.23,237.54,0.0
meta,display,Prospecting_DPA_Campaign_04,60,1092.49,1871.08,18080.98,1.95,3.34,32.29,135.6,HIGH,16572.91,475.08,0.0
meta,display,Prospecting_DPA_Campaign_04,90,1784.54,2853.6,27054.29,2.12,3.4,32.21,135.7,HIGH,25329.23,712.63,0.0
meta,retargeting,Remarketing_Brand_Campaign_01,30,420.9,1682.1,3559.53,0.55,2.2,4.66,8.9,MODERATE,,1568.61,1876.65
meta,retargeting,Remarketing_Brand_Campaign_01,60,841.8,3364.19,7119.06,0.55,2.2,4.66,8.9,MODERATE,,3137.21,3753.3
meta,retargeting,Remarketing_Brand_Campaign_01,90,1262.7,5046.29,10678.59,0.55,2.2,4.66,8.9,MODERATE,,4705.82,5629.95
meta,retargeting,Remarketing_Brand_Campaign_02,30,1284.97,2925.39,3924.54,2.36,5.38,7.21,4.6,LOW,,3022.9,2758.24
meta,retargeting,Remarketing_Brand_Campaign_02,60,2569.94,5850.78,7849.09,2.36,5.38,7.21,4.6,LOW,,6045.79,5516.48
meta,retargeting,Remarketing_Brand_Campaign_02,90,3854.91,8776.18,11773.63,2.36,5.38,7.21,4.6,LOW,,9068.69,8274.72
meta,retargeting,Remarketing_Brand_Campaign_03,30,305.58,2302.9,7483.4,0.46,3.48,11.32,128.0,HIGH,25236.4,1735.13,0.0
meta,retargeting,Remarketing_Brand_Campaign_03,60,948.38,4591.5,14727.88,0.72,3.47,11.14,127.9,HIGH,50186.75,3470.27,0.0
meta,retargeting,Remarketing_Brand_Campaign_03,90,1592.32,6848.32,21846.86,0.8,3.45,11.02,127.8,HIGH,74501.68,5205.4,0.0
meta,retargeting,Remarketing_DPA_Campaign_01,30,86.72,6199.74,20155.57,0.03,2.45,7.98,55.1,HIGH,16347.69,3076.85,10103.54
meta,retargeting,Remarketing_DPA_Campaign_01,60,307.38,12411.47,40212.3,0.06,2.46,7.96,55.3,HIGH,32935.29,6153.71,20207.08
meta,retargeting,Remarketing_DPA_Campaign_01,90,549.73,18613.57,60268.46,0.07,2.46,7.95,55.3,HIGH,49330.39,9230.56,30310.63
meta,retargeting,Remarketing_DPA_Campaign_02,30,0.0,787.24,8750.39,0.0,2.8,31.16,116.4,HIGH,5885.36,821.62,0.0
meta,retargeting,Remarketing_DPA_Campaign_02,60,0.0,1573.77,17446.05,0.0,2.8,31.07,116.4,HIGH,11756.57,1643.24,0.0
meta,retargeting,Remarketing_DPA_Campaign_02,90,0.0,2361.15,26129.03,0.0,2.8,31.02,116.4,HIGH,17644.75,2464.85,0.0
meta,retargeting,Remarketing_DPA_Campaign_03,30,279.19,990.8,5819.78,0.78,2.78,16.31,133.9,HIGH,13705.06,509.24,0.0
meta,retargeting,Remarketing_DPA_Campaign_03,60,752.91,2024.01,11571.1,1.05,2.84,16.21,134.1,HIGH,28258.36,1018.49,0.0
meta,retargeting,Remarketing_DPA_Campaign_03,90,1275.46,3097.17,17356.99,1.19,2.89,16.21,134.3,HIGH,43610.71,1527.73,0.0
meta,search,Generic_Campaign_01,30,15473.74,19474.45,22728.17,6.63,8.34,9.73,8.2,MODERATE,,18268.38,21542.0
meta,search,Generic_Campaign_01,60,30947.49,38948.9,45456.34,6.63,8.34,9.73,8.2,MODERATE,,36536.76,43084.01
meta,search,Generic_Campaign_01,90,46421.23,58423.36,68184.51,6.63,8.34,9.73,8.2,MODERATE,,54805.14,64626.01
meta,search,Generic_Campaign_02,30,1657.8,2368.29,3078.77,0.91,1.3,1.69,25.0,HIGH,,,
meta,search,Generic_Campaign_02,60,3315.6,4736.57,6157.54,0.91,1.3,1.69,25.0,HIGH,,,
meta,search,Generic_Campaign_02,90,4973.4,7104.86,9236.31,0.91,1.3,1.69,25.0,HIGH,,,
ms,brand,Search_TM_Campaign_02,30,428.68,664.77,3199.02,0.41,0.63,3.04,140.8,HIGH,6563.32,18.76,0.0
ms,brand,Search_TM_Campaign_02,60,1150.74,1503.91,6465.56,0.55,0.71,3.07,140.9,HIGH,14870.24,37.51,0.0
ms,brand,Search_TM_Campaign_02,90,1995.51,2498.4,9926.05,0.63,0.79,3.14,140.9,HIGH,24730.76,56.27,0.0
ms,brand,Search_TM_Campaign_03,30,213.32,460.07,3762.39,0.0,0.0,0.0,141.4,HIGH,4600.13,0.13,0.0
ms,brand,Search_TM_Campaign_03,60,542.36,871.22,7323.84,0.0,0.0,0.0,141.4,HIGH,8711.03,0.26,0.0
ms,brand,Search_TM_Campaign_03,90,854.43,1267.25,10839.85,0.0,0.0,0.0,141.4,HIGH,12670.77,0.39,0.0
ms,brand,Search_TM_Campaign_04,30,0.0,0.0,0.0,0.0,0.0,0.0,0.0,LOW,,0.0,0.0
ms,brand,Search_TM_Campaign_04,60,0.0,0.0,0.0,0.0,0.0,0.0,0.0,LOW,,0.0,0.0
ms,brand,Search_TM_Campaign_04,90,0.0,0.0,0.0,0.0,0.0,0.0,0.0,LOW,,0.0,0.0
ms,brand,Search_TM_Campaign_05,30,56.94,784.47,1743.54,0.05,0.74,1.65,55.9,HIGH,1851.31,909.66,422.2
ms,brand,Search_TM_Campaign_05,60,146.77,1571.63,3461.27,0.07,0.74,1.64,56.2,HIGH,3729.5,1819.33,844.4
ms,brand,Search_TM_Campaign_05,90,248.14,2365.51,5185.48,0.08,0.75,1.64,56.9,HIGH,5674.93,2728.99,1266.61
ms,brand,Search_TM_Campaign_06,30,2085.5,2167.05,2254.71,1224.19,1272.06,1323.52,69.3,HIGH,294.45,3145.49,1604.74
ms,brand,Search_TM_Campaign_06,60,4186.38,4344.48,4514.86,1228.71,1275.11,1325.12,67.4,HIGH,692.83,6290.97,3209.48
ms,brand,Search_TM_Campaign_06,90,6298.61,6532.81,6786.67,1232.43,1278.26,1327.93,65.5,HIGH,1200.06,9436.46,4814.21
ms,display,Demand Gen_NTM_Campaign_01,30,0.0,0.0,0.0,0.0,0.0,0.0,0.0,LOW,,0.0,0.0
ms,display,Demand Gen_NTM_Campaign_01,60,0.0,0.0,0.0,0.0,0.0,0.0,0.0,LOW,,0.0,0.0
ms,display,Demand Gen_NTM_Campaign_01,90,0.0,0.0,0.0,0.0,0.0,0.0,0.0,LOW,,0.0,0.0
ms,display,Demand Gen_NTM_Campaign_02,30,0.0,0.0,0.0,0.0,0.0,0.0,0.0,LOW,,0.0,0.0
ms,display,Demand Gen_NTM_Campaign_02,60,0.0,0.0,0.0,0.0,0.0,0.0,0.0,LOW,,0.0,0.0
ms,display,Demand Gen_NTM_Campaign_02,90,0.0,0.0,0.0,0.0,0.0,0.0,0.0,LOW,,0.0,0.0
ms,search,Search_NTM_Campaign_01,30,20.58,32.57,49.61,0.02,0.03,0.05,141.4,HIGH,651.4,0.0,0.0
ms,search,Search_NTM_Campaign_01,60,48.4,64.43,93.24,0.02,0.03,0.04,141.4,HIGH,1288.6,0.0,0.0
ms,search,Search_NTM_Campaign_01,90,75.1,95.17,135.11,0.02,0.03,0.04,141.4,HIGH,1903.42,0.0,0.0
ms,shopping,Pmax_NTM_Campaign_01,30,47.22,84.71,253.88,0.06,0.1,0.31,116.7,HIGH,523.37,71.95,0.0
ms,shopping,Pmax_NTM_Campaign_01,60,110.9,176.8,506.44,0.07,0.11,0.31,118.1,HIGH,1120.42,143.9,0.0
ms,shopping,Pmax_NTM_Campaign_01,90,184.07,276.69,768.12,0.08,0.11,0.32,119.4,HIGH,1795.59,215.84,0.0
ms,shopping,Pmax_NTM_Campaign_02,30,0.0,0.0,0.0,0.0,0.0,0.0,141.4,HIGH,0.0,0.0,0.0
ms,shopping,Pmax_NTM_Campaign_02,60,0.0,0.0,0.0,0.0,0.0,0.0,141.4,HIGH,0.0,0.0,0.0
ms,shopping,Pmax_NTM_Campaign_02,90,0.0,0.0,0.0,0.0,0.0,0.0,141.4,HIGH,0.0,0.0,0.0
ms,shopping,Pmax_NTM_Campaign_03,30,27.7,81.06,305.77,0.04,0.11,0.4,126.4,HIGH,600.52,46.7,0.0
ms,shopping,Pmax_NTM_Campaign_03,60,75.46,169.01,609.72,0.05,0.11,0.4,127.2,HIGH,1269.8,93.39,0.0
ms,shopping,Pmax_NTM_Campaign_03,90,129.93,264.1,918.89,0.06,0.11,0.4,127.9,HIGH,2010.58,140.09,0.0
ms,shopping,Pmax_NTM_Campaign_04,30,0.0,0.0,0.0,0.0,0.0,0.0,141.4,HIGH,0.0,0.0,0.0
ms,shopping,Pmax_NTM_Campaign_04,60,0.0,0.0,0.0,0.0,0.0,0.0,141.4,HIGH,0.0,0.0,0.0
ms,shopping,Pmax_NTM_Campaign_04,90,0.0,0.0,0.0,0.0,0.0,0.0,141.4,HIGH,0.0,0.0,0.0
ms,shopping,Pmax_NTM_Campaign_05,30,0.0,0.0,0.0,0.0,0.0,0.0,141.4,HIGH,0.0,0.0,0.0
ms,shopping,Pmax_NTM_Campaign_05,60,0.0,0.0,0.0,0.0,0.0,0.0,141.4,HIGH,0.0,0.0,0.0
ms,shopping,Pmax_NTM_Campaign_05,90,0.0,0.0,0.0,0.0,0.0,0.0,141.4,HIGH,0.0,0.0,0.0
ms,shopping,Pmax_NTM_Campaign_06,30,0.0,0.0,0.0,0.0,0.0,0.0,0.0,LOW,,0.0,0.0
ms,shopping,Pmax_NTM_Campaign_06,60,0.0,0.0,0.0,0.0,0.0,0.0,0.0,LOW,,0.0,0.0
ms,shopping,Pmax_NTM_Campaign_06,90,0.0,0.0,0.0,0.0,0.0,0.0,0.0,LOW,,0.0,0.0
ms,shopping,Pmax_NTM_Campaign_07,30,0.0,0.0,0.0,0.0,0.0,0.0,141.4,HIGH,0.0,0.0,0.0
ms,shopping,Pmax_NTM_Campaign_07,60,0.0,0.0,0.0,0.0,0.0,0.0,141.4,HIGH,0.0,0.0,0.0
ms,shopping,Pmax_NTM_Campaign_07,90,0.0,0.0,0.0,0.0,0.0,0.0,141.4,HIGH,0.0,0.0,0.0
ms,shopping,Pmax_NTM_Campaign_08,30,0.0,0.0,0.0,0.0,0.0,0.0,0.0,LOW,,0.0,0.0
ms,shopping,Pmax_NTM_Campaign_08,60,0.0,0.0,0.0,0.0,0.0,0.0,0.0,LOW,,0.0,0.0
ms,shopping,Pmax_NTM_Campaign_08,90,0.0,0.0,0.0,0.0,0.0,0.0,0.0,LOW,,0.0,0.0
ms,shopping,Pmax_NTM_Campaign_09,30,0.0,0.0,0.0,0.0,0.0,0.0,0.0,LOW,,0.0,0.0
ms,shopping,Pmax_NTM_Campaign_09,60,0.0,0.0,0.0,0.0,0.0,0.0,0.0,LOW,,0.0,0.0
ms,shopping,Pmax_NTM_Campaign_09,90,0.0,0.0,0.0,0.0,0.0,0.0,0.0,LOW,,0.0,0.0
ms,shopping,Pmax_NTM_Campaign_10,30,0.0,0.0,0.0,0.0,0.0,0.0,0.0,LOW,,0.0,0.0
ms,shopping,Pmax_NTM_Campaign_10,60,0.0,0.0,0.0,0.0,0.0,0.0,0.0,LOW,,0.0,0.0
ms,shopping,Pmax_NTM_Campaign_10,90,0.0,0.0,0.0,0.0,0.0,0.0,0.0,LOW,,0.0,0.0
ms,shopping,Pmax_NTM_Campaign_11,30,0.0,0.0,0.0,0.0,0.0,0.0,141.4,HIGH,0.0,0.0,0.0
ms,shopping,Pmax_NTM_Campaign_11,60,0.0,0.0,0.0,0.0,0.0,0.0,141.4,HIGH,0.0,0.0,0.0
ms,shopping,Pmax_NTM_Campaign_11,90,0.0,0.0,0.0,0.0,0.0,0.0,141.4,HIGH,0.0,0.0,0.0
ms,shopping,Pmax_NTM_Campaign_12,30,0.0,0.0,0.0,0.0,0.0,0.0,141.4,HIGH,0.0,0.0,0.0
ms,shopping,Pmax_NTM_Campaign_12,60,0.0,0.0,0.0,0.0,0.0,0.0,141.4,HIGH,0.0,0.0,0.0
ms,shopping,Pmax_NTM_Campaign_12,90,0.0,0.0,0.0,0.0,0.0,0.0,141.4,HIGH,0.0,0.0,0.0
ms,shopping,Pmax_NTM_Campaign_13,30,126.69,554.51,668.82,0.55,2.42,2.92,30.9,HIGH,283.49,642.04,527.21
ms,shopping,Pmax_NTM_Campaign_13,60,264.68,1114.6,1338.9,0.58,2.44,2.93,27.8,HIGH,622.79,1284.07,1054.41
ms,shopping,Pmax_NTM_Campaign_13,90,409.91,1681.47,2016.28,0.6,2.45,2.94,24.4,HIGH,1029.94,1926.11,1581.62
ms,shopping,Pmax_NTM_Campaign_14,30,0.0,0.0,28.06,0.0,0.0,0.1,0.0,LOW,,0.0,0.0
ms,shopping,Pmax_NTM_Campaign_14,60,0.0,0.0,56.12,0.0,0.0,0.1,0.0,LOW,,0.0,0.0
ms,shopping,Pmax_NTM_Campaign_14,90,0.0,0.0,84.18,0.0,0.0,0.1,0.0,LOW,,0.0,0.0
ms,shopping,Pmax_NTM_Campaign_15,30,0.0,0.0,0.0,0.0,0.0,0.0,0.0,LOW,,0.0,0.0
ms,shopping,Pmax_NTM_Campaign_15,60,0.0,0.0,0.0,0.0,0.0,0.0,0.0,LOW,,0.0,0.0
ms,shopping,Pmax_NTM_Campaign_15,90,0.0,0.0,0.0,0.0,0.0,0.0,0.0,LOW,,0.0,0.0
ms,shopping,Pmax_NTM_Campaign_16,30,0.0,0.0,0.0,0.0,0.0,0.0,141.4,HIGH,0.0,0.0,0.0
ms,shopping,Pmax_NTM_Campaign_16,60,0.0,0.0,0.0,0.0,0.0,0.0,141.4,HIGH,0.0,0.0,0.0
ms,shopping,Pmax_NTM_Campaign_16,90,0.0,0.0,0.0,0.0,0.0,0.0,141.4,HIGH,0.0,0.0,0.0
ms,shopping,Pmax_NTM_Campaign_17,30,0.0,0.0,0.0,0.0,0.0,0.0,141.4,HIGH,0.0,0.0,0.0
ms,shopping,Pmax_NTM_Campaign_17,60,0.0,0.0,0.0,0.0,0.0,0.0,141.4,HIGH,0.0,0.0,0.0
ms,shopping,Pmax_NTM_Campaign_17,90,0.0,0.0,0.0,0.0,0.0,0.0,141.4,HIGH,0.0,0.0,0.0
ms,shopping,Pmax_NTM_Campaign_18,30,0.0,0.0,0.0,0.0,0.0,0.0,0.0,LOW,,0.0,0.0
ms,shopping,Pmax_NTM_Campaign_18,60,0.0,0.0,0.0,0.0,0.0,0.0,0.0,LOW,,0.0,0.0
ms,shopping,Pmax_NTM_Campaign_18,90,0.0,0.0,0.0,0.0,0.0,0.0,0.0,LOW,,0.0,0.0
ms,shopping,Pmax_NTM_Campaign_19,30,0.0,0.0,0.0,0.0,0.0,0.0,141.4,HIGH,0.0,0.0,0.0
ms,shopping,Pmax_NTM_Campaign_19,60,0.0,0.0,0.0,0.0,0.0,0.0,141.4,HIGH,0.0,0.0,0.0
ms,shopping,Pmax_NTM_Campaign_19,90,0.0,0.0,0.0,0.0,0.0,0.0,141.4,HIGH,0.0,0.0,0.0
ms,shopping,Shopping_NTM_Campaign_01,30,194.36,852.78,1304.18,12.99,56.97,87.13,87.7,HIGH,579.15,61.78,1704.6
ms,shopping,Shopping_NTM_Campaign_01,60,397.64,1702.68,2597.17,13.28,56.88,86.76,88.5,HIGH,1129.37,123.56,3409.19
ms,shopping,Shopping_NTM_Campaign_01,90,597.86,2552.1,3888.75,13.31,56.84,86.6,88.8,HIGH,1674.91,185.34,5113.79
